soil_moisture_%,soil_pH,temperature_C,humidity_%,rainfall_mm,sunlight_hours,NDVI_index,water_stress_index,disease_pressure_score,ph_deviation,yield_per_day,days_since_sowing,pesticide_usage_ml,crop_type_enc,region_enc,irrigation_type_Drip,irrigation_type_Manual,irrigation_type_Sprinkler,fertilizer_type_Inorganic,fertilizer_type_Mixed,fertilizer_type_Organic,label,farm_id
35.95,5.99,17.79,77.03,75.62,7.27,0.63,11.394495,66.84,0.51,36.13,71,6.34,4,2,False,False,True,False,False,True,Mild,FARM0001
19.74,7.24,30.18,61.13,89.91,5.67,0.58,24.222468000000003,74.06,0.74,48.12,77,9.6,3,4,False,False,True,True,False,False,Severe,FARM0002
29.32,7.16,27.37,68.87,265.43,8.23,0.8,19.345116000000004,127.7,0.66,20.36,25,15.26,4,4,True,False,False,False,True,False,Mild,FARM0003
17.33,6.03,33.73,70.46,212.01,5.03,0.44,27.884590999999997,117.08,0.47,31.55,83,25.8,1,0,False,False,True,False,False,True,Severe,FARM0004
19.37,5.92,33.86,55.73,269.09,7.93,0.84,27.301317999999995,128.41,0.58,47.43,68,25.65,0,0,False,False,True,False,True,False,Severe,FARM0005
44.91,5.78,24.87,83.06,238.95,4.92,0.82,13.700883000000001,123.56,0.72,38.45,59,24.0,2,0,False,False,True,False,True,False,Severe,FARM0006
36.28,7.04,21.8,47.91,123.38,4.02,0.76,13.89096,72.53,0.54,31.04,129,39.29,3,2,False,True,False,False,True,False,Severe,FARM0007
27.1,5.72,22.26,80.34,296.33,5.44,0.7,16.22754,137.73,0.78,43.5,97,47.61,1,1,False,False,True,False,True,False,Mild,FARM0008
40.54,6.35,19.24,76.5,184.82,5.21,0.5,11.440103999999998,100.48,0.15,47.44,57,49.78,3,0,False,True,False,True,False,False,Mild,FARM0009
10.25,6.92,16.18,41.57,66.85,5.98,0.58,14.52155,48.82,0.42,49.93,73,35.1,2,1,False,False,True,True,False,False,Severe,FARM0010
13.39,6.36,23.47,76.45,166.76,8.04,0.55,20.327367,98.21,0.14,16.81,49,23.12,4,3,True,False,False,False,False,True,Moderate,FARM0011
40.61,5.65,31.16,44.9,263.99,7.91,0.4,18.505924,120.53,0.85,33.99,27,46.69,2,4,True,False,False,False,False,True,Severe,FARM0012
42.43,7.07,20.7,76.53,224.15,8.7,0.65,11.91699,113.38,0.57,38.92,15,13.55,1,4,False,False,True,False,False,True,Mild,FARM0013
12.8,5.87,26.9,51.76,218.8,4.72,0.42,23.456799999999998,106.52,0.63,39.91,72,31.75,3,2,False,False,True,False,True,False,Moderate,FARM0014
23.85,6.84,21.0,77.59,129.04,4.44,0.34,15.9915,85.5,0.34,23.0,33,49.93,1,3,False,False,True,False,True,False,Mild,FARM0015
15.52,7.17,29.07,89.36,202.92,7.92,0.75,24.558336,118.42,0.67,59.96,17,41.77,1,0,True,False,False,False,True,False,Mild,FARM0016
31.17,6.94,19.07,53.2,208.56,6.93,0.74,13.125881,98.15,0.44,37.05,16,33.54,1,0,True,False,False,False,False,True,Severe,FARM0017
13.92,7.39,28.82,41.8,87.26,6.22,0.45,24.808256,64.51,0.89,39.0,10,10.74,4,1,False,False,True,True,False,False,Severe,FARM0018
40.94,6.31,27.41,86.49,88.64,9.19,0.36,16.188346000000003,81.75,0.19,40.88,63,6.12,3,0,False,False,True,True,False,False,Severe,FARM0019
16.99,7.34,21.99,83.57,255.13,5.34,0.62,18.253899,126.46,0.84,31.82,65,19.77,2,4,False,False,True,True,False,False,Severe,FARM0020
16.25,7.43,20.31,61.73,77.1,8.37,0.3,17.009625,63.05,0.93,49.11,24,32.28,1,2,False,True,False,True,False,False,Mild,FARM0021
12.45,6.83,21.6,82.4,128.48,8.32,0.86,18.910800000000002,87.7,0.33,41.64,70,18.92,0,0,False,True,False,False,True,False,Mild,FARM0022
20.53,6.6,15.01,61.49,121.73,7.48,0.7,11.928446999999998,72.37,0.1,31.91,115,24.88,3,1,False,True,False,True,False,False,Moderate,FARM0023
21.73,7.14,30.02,51.23,218.2,5.19,0.42,23.496654,108.47,0.64,35.24,116,16.02,3,1,True,False,False,False,False,True,Severe,FARM0024
18.54,6.81,15.11,78.5,237.74,4.64,0.38,12.308606,114.05,0.31,18.49,31,12.91,0,4,False,False,True,False,False,True,Severe,FARM0025
30.84,7.4,32.83,75.96,203.16,7.03,0.59,22.705227999999998,115.95,0.9,47.24,81,38.46,3,1,False,False,True,False,False,True,Mild,FARM0026
12.71,6.07,20.43,67.01,129.93,4.83,0.42,17.833347,81.11,0.43,38.93,42,36.23,0,0,False,False,True,True,False,False,Severe,FARM0027
43.11,5.54,32.61,63.85,193.92,9.66,0.59,18.551829,108.17,0.96,36.05,56,43.41,3,4,False,True,False,True,False,False,Severe,FARM0028
35.35,7.18,33.39,66.71,295.18,9.44,0.5,21.586635,140.28,0.68,22.92,33,33.92,0,0,True,False,False,False,False,True,Severe,FARM0029
18.83,5.66,15.39,90.0,184.85,6.1,0.7,12.492063,103.0,0.84,52.52,79,6.81,0,0,True,False,False,False,True,False,Mild,FARM0030
36.84,5.84,27.14,45.73,236.98,8.92,0.35,17.141624,109.74,0.66,42.35,96,31.04,1,4,False,True,False,False,False,True,Mild,FARM0031
39.76,6.7,17.42,79.13,295.96,6.08,0.88,10.493808000000001,133.5,0.2,18.47,53,21.68,1,2,False,False,True,False,True,False,Severe,FARM0032
16.16,6.54,28.01,85.98,203.98,8.65,0.57,23.483584,116.59,0.04,49.15,106,42.16,0,3,False,False,True,True,False,False,Severe,FARM0033
33.39,6.17,24.89,64.38,131.25,6.13,0.44,16.579229,83.79,0.33,21.27,2,17.58,3,1,False,True,False,True,False,False,Severe,FARM0034
36.54,6.88,27.92,79.65,172.71,4.56,0.5,17.718032,104.61,0.38,27.37,88,36.13,3,4,False,False,True,True,False,False,Severe,FARM0035
18.8,5.74,18.85,66.79,79.89,8.57,0.8,15.3062,64.82,0.76,32.05,134,14.74,1,0,False,False,True,False,False,True,Moderate,FARM0036
16.28,5.53,25.68,88.71,118.58,7.32,0.41,21.499296,90.32,0.97,14.13,72,44.08,1,3,False,False,True,False,True,False,Severe,FARM0037
13.99,5.63,24.83,74.32,194.26,4.91,0.85,21.356282999999998,106.63,0.87,26.56,57,49.73,0,0,False,True,False,False,False,True,Moderate,FARM0038
20.69,6.74,27.19,87.38,235.02,5.25,0.66,21.564389000000002,125.85,0.24,41.66,20,34.72,0,1,False,False,True,True,False,False,Moderate,FARM0039
20.08,6.07,32.19,51.67,67.79,5.59,0.48,25.726248000000002,65.15,0.43,56.91,18,10.16,2,2,False,False,True,True,False,False,Moderate,FARM0040
26.4,6.11,23.05,67.0,118.06,6.63,0.87,16.9648,79.51,0.39,25.99,86,38.05,4,4,True,False,False,True,False,False,Moderate,FARM0041
36.71,5.85,25.38,53.91,160.56,9.98,0.5,16.063001999999997,88.77,0.65,32.44,41,41.64,4,1,False,False,True,False,True,False,Severe,FARM0042
38.47,6.6,24.1,56.16,128.63,9.82,0.67,14.82873,79.13,0.1,28.76,105,42.12,0,0,False,False,True,False,True,False,Severe,FARM0043
17.12,6.6,33.55,74.91,159.53,4.73,0.58,27.80624,102.99,0.1,29.06,28,12.13,4,4,False,False,True,False,True,False,Severe,FARM0044
42.64,6.08,29.11,64.12,153.87,6.83,0.77,16.697495999999997,93.64,0.42,40.86,17,11.51,0,3,False,False,True,False,True,False,Severe,FARM0045
19.35,5.51,29.52,69.0,259.37,7.96,0.41,23.80788,127.55,0.99,40.41,48,29.24,3,0,False,False,True,True,False,False,Mild,FARM0046
18.17,7.05,15.87,75.26,236.18,8.87,0.82,12.986420999999998,112.86,0.55,48.42,16,40.66,0,1,False,False,True,False,True,False,Severe,FARM0047
41.87,5.53,17.88,88.5,267.73,4.45,0.49,10.393644,129.13,0.97,56.92,86,33.05,3,2,False,True,False,True,False,False,Severe,FARM0048
31.61,5.97,28.69,51.37,121.84,4.54,0.48,19.621091,78.62,0.53,47.76,3,36.68,4,1,True,False,False,False,True,False,Moderate,FARM0049
18.55,6.32,28.64,48.75,95.01,7.66,0.31,23.327280000000002,69.48,0.18,29.58,81,35.74,2,4,False,False,True,False,True,False,Severe,FARM0050
15.53,6.38,21.91,71.95,196.89,6.55,0.48,18.507376999999998,104.28,0.12,27.31,60,43.04,3,0,False,True,False,True,False,False,Moderate,FARM0051
19.61,6.63,28.72,42.45,236.17,7.64,0.73,23.088008,109.37,0.13,24.18,48,39.91,0,2,False,False,True,True,False,False,Mild,FARM0052
20.81,6.38,26.59,44.51,233.09,5.77,0.79,21.056621,107.67,0.12,32.58,34,14.04,4,2,False,False,True,False,False,True,Severe,FARM0053
38.15,6.44,16.51,51.28,238.54,8.06,0.46,10.211435000000002,104.46,0.06,39.12,58,21.46,1,0,False,False,True,False,True,False,Severe,FARM0054
33.62,6.44,27.39,56.4,285.79,7.66,0.9,18.181482,128.84,0.06,27.73,35,42.07,4,0,True,False,False,False,True,False,Severe,FARM0055
41.05,5.77,24.07,77.16,217.62,9.68,0.47,14.189265,114.2,0.73,18.29,125,38.4,2,2,False,False,True,False,True,False,Moderate,FARM0056
25.56,5.97,22.25,58.37,295.23,9.41,0.68,16.5629,128.6,0.53,35.95,116,22.92,0,3,False,True,False,False,False,True,Severe,FARM0057
18.52,5.75,26.29,78.26,67.15,5.24,0.38,21.421091999999998,71.17,0.75,29.82,70,19.79,1,2,False,False,True,False,False,True,Moderate,FARM0058
33.14,5.55,15.3,51.9,247.5,5.94,0.61,10.22958,106.48,0.95,19.96,8,7.36,4,3,False,False,True,True,False,False,Severe,FARM0059
17.75,6.73,29.54,72.95,277.19,5.81,0.66,24.29665,134.49,0.23,18.28,113,49.94,3,4,True,False,False,False,False,True,Severe,FARM0060
31.85,6.67,29.24,69.87,145.23,5.77,0.55,19.92706,93.45,0.17,35.14,55,40.69,1,3,False,False,True,False,False,True,Severe,FARM0061
35.54,6.13,21.25,87.68,113.72,8.12,0.34,13.697750000000001,85.13,0.37,20.4,94,9.11,0,4,False,False,True,False,False,True,Moderate,FARM0062
22.38,6.83,30.01,76.05,267.02,9.81,0.63,23.293762,133.03,0.33,46.74,28,9.66,0,2,False,True,False,True,False,False,Severe,FARM0063
17.92,6.36,26.22,71.09,241.86,8.05,0.51,21.521376,120.66,0.14,29.91,89,46.81,3,0,True,False,False,False,True,False,Mild,FARM0064
33.01,5.64,29.82,44.59,292.95,7.18,0.83,19.976418000000002,128.09,0.86,44.83,99,25.41,3,3,False,False,True,True,False,False,Mild,FARM0065
11.74,5.66,23.86,70.35,156.0,6.49,0.33,21.058836,92.84,0.84,43.64,75,10.12,3,3,False,False,True,False,True,False,Severe,FARM0066
10.27,6.1,19.22,52.78,84.31,5.97,0.78,17.246106,60.82,0.4,36.23,29,38.62,4,1,True,False,False,True,False,False,Severe,FARM0067
25.27,6.42,16.56,61.46,128.27,6.43,0.52,12.375288000000001,75.48,0.08,52.05,79,10.18,4,4,False,False,True,True,False,False,Severe,FARM0068
25.25,6.3,16.57,77.29,267.63,5.33,0.79,12.386075,123.63,0.2,22.75,99,27.97,2,2,False,False,True,False,False,True,Mild,FARM0069
15.13,5.89,27.05,72.78,240.05,5.06,0.39,22.957335000000004,121.41,0.61,42.83,82,38.95,4,3,False,False,True,True,False,False,Severe,FARM0070
32.1,7.09,26.83,43.71,137.99,6.77,0.58,18.217570000000002,79.0,0.59,41.66,23,21.59,0,4,True,False,False,False,False,True,Severe,FARM0071
32.81,6.14,24.51,43.09,87.72,4.62,0.67,16.468269,61.93,0.36,32.51,56,8.79,3,4,False,True,False,False,True,False,Moderate,FARM0072
23.56,7.05,28.58,71.54,63.09,6.01,0.39,21.846551999999996,68.98,0.55,46.18,84,30.11,1,0,False,True,False,False,False,True,Severe,FARM0073
42.09,6.12,28.12,46.45,215.53,8.25,0.9,16.284292,104.33,0.38,47.32,85,30.15,2,1,True,False,False,True,False,False,Severe,FARM0074
22.66,6.23,18.61,87.38,103.55,6.92,0.32,14.392973999999999,79.97,0.27,17.18,138,11.97,3,4,False,False,True,False,False,True,Moderate,FARM0075
30.9,5.81,18.62,71.24,223.21,9.42,0.57,12.86642,109.42,0.69,55.98,78,23.49,2,1,False,False,True,False,False,True,Mild,FARM0076
41.64,5.89,28.57,62.03,192.6,8.62,0.59,16.673452,104.02,0.61,51.03,17,28.74,0,0,False,False,True,False,True,False,Moderate,FARM0077
34.9,6.53,17.49,48.02,70.97,6.7,0.52,11.385989999999998,53.62,0.03,46.94,3,9.13,4,1,False,False,True,True,False,False,Severe,FARM0078
17.86,6.14,16.98,56.76,228.68,4.88,0.35,13.947372,104.04,0.36,17.87,120,46.28,1,2,True,False,False,True,False,False,Moderate,FARM0079
29.21,6.95,25.56,54.41,77.8,5.81,0.61,18.093923999999998,64.27,0.45,25.99,63,23.89,2,3,True,False,False,False,False,True,Mild,FARM0080
25.02,6.73,19.81,73.22,154.14,4.51,0.68,14.853538,90.39,0.23,42.52,5,47.9,1,3,False,True,False,False,False,True,Moderate,FARM0081
22.5,5.64,19.82,45.18,214.28,7.49,0.41,15.3605,97.22,0.86,32.19,118,7.0,4,0,False,True,False,False,False,True,Mild,FARM0082
11.29,5.9,30.82,55.78,271.45,5.86,0.69,27.340422000000004,126.86,0.6,21.1,91,26.3,0,2,False,False,True,False,True,False,Moderate,FARM0083
25.29,6.3,23.79,56.95,289.12,5.12,0.79,17.773509,127.36,0.2,16.53,108,46.59,1,2,False,False,True,True,False,False,Moderate,FARM0084
12.8,6.82,21.13,61.31,200.66,8.14,0.68,18.42536,100.57,0.32,26.48,101,6.91,4,0,False,True,False,True,False,False,Moderate,FARM0085
43.35,5.79,27.15,41.74,245.33,4.4,0.76,15.380474999999999,110.66,0.71,20.42,115,22.23,2,1,False,True,False,True,False,False,Mild,FARM0086
23.93,6.8,19.99,76.78,78.36,6.99,0.59,15.206392999999998,69.21,0.3,24.22,78,10.3,1,1,False,False,True,False,True,False,Severe,FARM0087
25.82,7.3,23.9,74.1,71.95,9.07,0.86,17.729020000000002,69.15,0.8,25.5,38,20.63,4,3,False,True,False,False,True,False,Mild,FARM0088
17.85,7.47,30.84,64.7,109.18,6.17,0.73,25.335060000000002,81.76,0.97,42.92,16,41.16,3,0,False,True,False,True,False,False,Severe,FARM0089
12.58,7.44,27.85,74.01,162.49,6.07,0.73,24.346470000000004,99.24,0.94,41.98,38,24.47,3,4,False,False,True,False,False,True,Moderate,FARM0090
39.61,6.0,27.7,46.26,187.71,5.82,0.81,16.72803,95.59,0.5,27.12,79,33.84,1,1,True,False,False,False,True,False,Severe,FARM0091
11.59,6.78,26.54,78.35,212.78,6.5,0.54,23.464014,115.08,0.28,44.48,123,45.0,4,2,True,False,False,True,False,False,Severe,FARM0092
15.53,6.33,24.29,47.18,135.05,9.17,0.58,20.517763,77.6,0.17,51.46,65,49.46,4,2,False,True,False,False,True,False,Moderate,FARM0093
14.93,5.6,33.91,60.91,266.04,9.78,0.83,28.847236999999996,129.61,0.9,49.53,63,47.02,2,4,False,False,True,True,False,False,Severe,FARM0094
43.08,6.51,34.33,57.64,103.79,4.3,0.83,19.540636,79.94,0.01,26.19,1,44.71,4,2,False,False,True,False,True,False,Moderate,FARM0095
11.58,5.6,26.24,54.43,140.63,6.32,0.5,23.201408,83.64,0.9,19.19,24,17.59,1,4,False,False,True,False,True,False,Moderate,FARM0096
31.09,6.3,15.81,75.68,59.73,8.82,0.74,10.894671,60.05,0.2,52.05,40,32.28,2,3,False,False,True,False,False,True,Moderate,FARM0097
27.76,6.52,24.8,63.74,190.73,4.1,0.66,17.91552,101.32,0.02,47.59,92,9.93,1,1,False,True,False,False,True,False,Moderate,FARM0098
17.96,5.6,24.61,76.06,181.06,8.65,0.55,20.190043999999997,103.2,0.9,45.97,14,41.97,3,1,False,False,True,False,False,True,Severe,FARM0099
27.56,6.72,24.43,76.37,262.09,8.23,0.51,17.697092,127.5,0.22,28.51,122,19.63,0,3,False,False,True,False,True,False,Moderate,FARM0100
26.95,7.41,20.58,87.07,124.62,9.89,0.46,15.03369,87.65,0.91,35.63,71,14.33,3,0,False,True,False,False,True,False,Severe,FARM0101
23.29,7.46,31.37,80.23,288.65,5.74,0.86,24.063927000000003,142.21,0.96,47.07,27,8.56,3,1,False,True,False,False,True,False,Moderate,FARM0102
31.55,6.67,19.85,66.55,217.46,7.83,0.86,13.587325,106.75,0.17,49.22,17,23.6,4,3,True,False,False,False,False,True,Severe,FARM0103
32.77,7.01,20.74,42.96,121.35,8.61,0.8,13.943501999999997,69.14,0.51,47.66,22,38.24,0,4,False,False,True,False,True,False,Severe,FARM0104
40.69,5.52,26.36,89.15,76.83,5.71,0.45,15.634116,78.48,0.98,51.33,42,43.3,1,3,False,False,True,False,False,True,Mild,FARM0105
37.68,6.64,30.15,82.81,93.87,9.38,0.3,18.789479999999998,83.9,0.14,28.53,17,19.76,1,2,False,False,True,False,True,False,Severe,FARM0106
36.38,7.41,21.04,40.57,230.72,7.92,0.76,13.385647999999998,101.22,0.91,36.22,64,35.05,0,3,False,False,True,False,False,True,Severe,FARM0107
31.51,5.94,17.67,77.39,88.3,7.63,0.75,12.102183,70.7,0.56,42.0,105,29.72,1,0,False,False,True,False,True,False,Severe,FARM0108
28.49,6.22,33.34,81.44,78.05,9.42,0.59,23.841434000000003,81.0,0.28,28.34,29,29.15,0,1,False,False,True,False,True,False,Severe,FARM0109
14.62,6.33,26.28,73.64,189.7,5.85,0.62,22.437864,106.08,0.17,41.88,5,16.45,0,2,True,False,False,True,False,False,Severe,FARM0110
11.11,6.32,30.38,88.92,241.46,7.88,0.7,27.004782,130.79,0.18,39.09,96,49.68,0,2,False,False,True,True,False,False,Mild,FARM0111
16.25,6.57,25.58,51.13,231.96,4.02,0.39,21.42325,109.22,0.07,35.28,105,25.84,4,0,True,False,False,True,False,False,Mild,FARM0112
38.33,6.34,30.32,40.78,270.94,5.24,0.44,18.698344,120.33,0.16,40.66,62,6.51,4,2,True,False,False,False,True,False,Mild,FARM0113
27.64,6.08,31.32,55.95,232.88,7.59,0.66,22.663152,115.73,0.42,23.45,38,18.58,2,2,False,True,False,False,False,True,Mild,FARM0114
27.35,7.44,33.83,79.29,217.84,5.91,0.72,24.577495,122.44,0.94,30.08,61,11.71,3,4,False,False,True,True,False,False,Severe,FARM0115
24.44,6.33,25.6,52.75,147.1,5.98,0.66,19.343360000000004,84.43,0.17,39.1,13,43.12,3,2,True,False,False,True,False,False,Severe,FARM0116
35.35,6.62,24.59,56.65,267.37,9.74,0.72,15.897435,121.31,0.12,43.78,122,47.17,3,3,True,False,False,False,False,True,Severe,FARM0117
21.26,6.07,24.33,55.42,212.18,6.16,0.64,19.157441999999996,104.07,0.43,38.83,52,9.44,3,3,False,False,True,True,False,False,Mild,FARM0118
19.13,7.37,26.58,47.62,154.39,5.98,0.88,21.495246,85.3,0.87,44.08,86,42.5,4,3,False,False,True,False,True,False,Severe,FARM0119
35.65,6.2,17.8,49.2,186.64,9.34,0.44,11.454299999999998,89.02,0.3,16.62,1,6.52,2,4,True,False,False,False,True,False,Mild,FARM0120
27.7,6.25,27.36,70.83,216.69,6.9,0.6,19.78128,113.86,0.25,22.97,35,5.3,2,2,False,False,True,False,False,True,Severe,FARM0121
42.13,6.55,19.82,52.62,204.95,6.13,0.81,11.469834,97.4,0.05,23.59,89,21.79,4,3,False,False,True,False,False,True,Severe,FARM0122
23.27,6.61,16.12,48.57,52.36,7.0,0.72,12.368876000000002,47.23,0.11,58.12,5,40.3,0,2,False,False,True,False,True,False,Severe,FARM0123
42.35,6.87,20.61,72.91,185.76,5.08,0.64,11.881665,100.35,0.37,38.28,101,48.27,4,0,False,True,False,False,False,True,Severe,FARM0124
23.43,6.98,30.81,43.92,222.33,8.47,0.76,23.591216999999997,107.37,0.48,35.77,78,9.4,1,1,False,True,False,False,False,True,Severe,FARM0125
27.17,6.21,33.82,73.98,157.96,7.96,0.39,24.631106,102.34,0.29,24.77,19,18.29,0,0,True,False,False,False,True,False,Severe,FARM0126
13.73,5.51,21.17,53.49,139.98,4.8,0.66,18.263359,79.27,0.99,20.8,11,25.2,1,0,False,False,True,True,False,False,Moderate,FARM0127
20.21,6.28,16.69,85.26,275.28,9.87,0.55,13.316951,129.21,0.22,28.2,18,22.13,4,4,False,False,True,False,True,False,Severe,FARM0128
18.81,5.99,27.5,49.78,198.45,4.64,0.79,22.32725,100.07,0.51,27.28,84,47.7,1,2,False,True,False,False,False,True,Mild,FARM0129
31.11,6.89,24.58,59.91,94.41,5.91,0.42,16.933162,70.72,0.39,49.21,50,40.19,1,0,False,False,True,False,True,False,Mild,FARM0130
43.36,6.42,29.17,54.57,159.61,8.16,0.34,16.521888,91.59,0.08,28.67,19,27.47,4,1,False,False,True,False,True,False,Severe,FARM0131
28.7,7.35,32.39,41.84,154.58,9.81,0.71,23.094070000000002,87.4,0.85,23.8,78,39.6,0,1,True,False,False,False,False,True,Severe,FARM0132
13.71,5.7,19.44,67.9,236.71,8.13,0.59,16.774776,112.75,0.8,32.74,128,21.84,0,0,False,False,True,True,False,False,Moderate,FARM0133
14.06,7.38,17.83,62.77,127.97,5.24,0.37,15.323101999999999,76.87,0.88,28.43,17,26.43,4,4,False,False,True,True,False,False,Moderate,FARM0134
42.55,6.98,25.32,56.55,187.98,6.56,0.83,14.54634,98.0,0.48,45.17,55,40.9,2,2,False,False,True,False,False,True,Severe,FARM0135
23.61,6.91,19.12,80.44,238.08,4.38,0.68,14.605768000000001,117.94,0.41,20.64,85,13.41,0,1,True,False,False,False,True,False,Severe,FARM0136
30.55,6.2,31.91,80.69,204.34,8.24,0.38,22.161495,117.51,0.3,22.47,39,31.56,0,1,False,True,False,False,True,False,Severe,FARM0137
14.83,6.27,18.72,74.67,208.88,7.87,0.87,15.943824,106.57,0.23,32.26,57,12.51,3,4,False,False,True,False,True,False,Severe,FARM0138
38.53,7.43,25.11,74.23,173.74,6.49,0.47,15.435117,100.65,0.93,36.03,74,12.53,2,3,False,False,True,True,False,False,Severe,FARM0139
29.24,5.73,17.28,81.16,243.78,6.2,0.9,12.227328000000002,118.56,0.77,51.5,83,24.86,0,1,True,False,False,False,True,False,Severe,FARM0140
40.18,5.67,32.31,80.59,79.35,5.26,0.64,19.327842,80.27,0.83,19.82,52,32.46,1,0,False,True,False,False,True,False,Moderate,FARM0141
15.89,7.46,20.85,87.62,193.18,7.09,0.39,17.536935,108.64,0.96,51.1,16,48.32,3,1,True,False,False,False,False,True,Moderate,FARM0142
27.13,6.65,20.37,62.6,153.56,7.8,0.3,14.843619,86.39,0.15,36.97,116,28.2,0,3,True,False,False,True,False,False,Severe,FARM0143
39.75,7.09,22.95,81.24,292.03,6.97,0.33,13.827375,137.32,0.59,42.93,100,20.2,1,4,False,True,False,True,False,False,Severe,FARM0144
14.35,7.22,23.83,87.9,50.17,5.21,0.4,20.410395,68.08,0.72,26.27,21,18.58,4,4,False,False,True,False,True,False,Severe,FARM0145
25.02,5.68,16.9,43.9,103.36,7.56,0.44,12.67162,61.24,0.82,61.37,54,5.36,2,0,False,False,True,False,False,True,Severe,FARM0146
20.97,7.26,17.74,77.66,243.37,4.8,0.39,14.019922,117.38,0.76,20.28,89,28.87,4,2,False,False,True,False,False,True,Severe,FARM0147
40.1,5.67,17.01,69.48,238.11,6.3,0.81,10.18899,111.98,0.83,17.84,72,40.6,0,1,False,False,True,True,False,False,Moderate,FARM0148
31.24,5.88,22.84,79.19,211.54,8.76,0.38,15.704784000000002,112.27,0.62,33.66,3,22.36,3,3,False,False,True,True,False,False,Severe,FARM0149
33.9,7.03,34.09,40.83,242.59,4.41,0.55,22.53349,114.68,0.53,35.01,80,6.79,3,0,False,True,False,False,False,True,Severe,FARM0150
28.82,5.81,16.67,86.05,69.76,9.85,0.87,11.865706000000003,67.85,0.69,38.68,16,19.7,3,2,False,False,True,False,True,False,Mild,FARM0151
13.02,6.37,24.07,55.46,202.21,8.45,0.73,20.936086,100.9,0.13,29.5,44,5.57,2,2,False,False,True,False,False,True,Mild,FARM0152
36.24,7.25,29.66,84.99,79.51,6.01,0.6,18.911216,80.09,0.75,35.79,63,28.57,2,0,False,False,True,True,False,False,Mild,FARM0153
18.93,5.71,26.48,51.42,230.69,7.05,0.63,21.467336,109.64,0.79,49.83,22,16.0,2,0,True,False,False,False,False,True,Severe,FARM0154
18.69,7.33,21.4,68.58,256.5,4.72,0.49,17.40034,120.43,0.83,19.79,59,15.04,1,3,True,False,False,False,False,True,Severe,FARM0155
10.28,5.9,26.28,71.14,125.98,6.78,0.62,23.578416,85.96,0.6,21.29,1,37.96,0,1,False,False,True,False,False,True,Severe,FARM0156
36.56,6.25,29.76,50.26,126.88,9.9,0.72,18.879744000000002,80.49,0.25,22.17,29,48.25,4,0,False,False,True,True,False,False,Moderate,FARM0157
30.33,6.51,27.74,69.59,148.59,4.37,0.44,19.326458,93.22,0.01,41.76,94,18.13,4,4,False,False,True,False,False,True,Mild,FARM0158
13.81,5.71,23.99,46.04,128.51,6.15,0.66,20.676980999999998,74.96,0.79,24.35,87,18.87,3,3,False,False,True,True,False,False,Mild,FARM0159
13.19,6.0,22.11,73.86,178.36,5.56,0.38,19.193690999999998,99.63,0.5,30.66,24,47.84,2,0,False,False,True,False,False,True,Severe,FARM0160
14.58,7.15,22.44,72.23,207.57,7.49,0.79,19.168248000000002,107.99,0.65,31.18,32,5.98,2,2,False,True,False,False,False,True,Severe,FARM0161
11.77,7.35,23.66,64.81,231.11,6.3,0.45,20.875218,113.0,0.85,35.36,19,20.93,0,2,False,False,True,False,False,True,Moderate,FARM0162
40.9,6.46,16.75,60.96,145.75,7.86,0.59,9.89925,80.67,0.04,65.47,91,49.73,0,4,False,False,True,False,True,False,Moderate,FARM0163
16.29,6.14,19.38,78.93,273.94,4.35,0.77,16.222998,128.29,0.36,24.01,84,21.08,1,4,False,False,True,False,True,False,Severe,FARM0164
39.63,7.09,22.1,82.26,259.81,5.06,0.89,13.341770000000002,127.42,0.59,35.57,36,36.39,3,3,False,True,False,False,True,False,Severe,FARM0165
16.14,5.58,16.12,41.0,200.42,6.87,0.72,13.518232000000001,88.62,0.92,20.07,82,14.07,1,1,False,True,False,False,True,False,Mild,FARM0166
40.12,7.42,22.47,59.78,285.48,4.61,0.88,13.455036,126.41,0.92,24.98,124,11.14,3,2,False,True,False,True,False,False,Moderate,FARM0167
38.51,6.26,29.68,48.89,123.63,4.01,0.6,18.250232,78.9,0.24,35.37,56,6.46,3,3,False,False,True,False,True,False,Moderate,FARM0168
22.14,6.14,27.72,81.08,290.77,8.02,0.33,21.582791999999998,140.45,0.36,16.95,65,5.51,2,2,False,True,False,True,False,False,Severe,FARM0169
40.96,6.49,22.57,45.07,186.51,6.88,0.53,13.325327999999999,90.91,0.01,35.99,13,25.31,2,4,False,False,True,False,False,True,Severe,FARM0170
21.83,7.47,32.86,61.57,226.13,7.92,0.46,25.686662000000002,117.11,0.97,35.66,70,7.41,4,1,False,False,True,False,False,True,Moderate,FARM0171
13.36,6.29,25.99,42.73,172.74,4.02,0.89,22.517736,88.41,0.21,23.32,3,42.08,2,0,True,False,False,True,False,False,Severe,FARM0172
37.47,6.44,32.9,72.09,116.25,6.33,0.34,20.57237,88.39,0.06,35.46,33,21.62,1,2,False,True,False,True,False,False,Severe,FARM0173
38.29,6.33,30.13,43.05,106.88,6.32,0.73,18.593223000000002,71.88,0.17,20.15,76,35.92,1,2,False,False,True,False,True,False,Mild,FARM0174
16.05,7.47,34.44,46.31,252.12,6.54,0.34,28.91238,119.99,0.97,30.63,81,49.88,0,2,False,False,True,False,False,True,Severe,FARM0175
29.32,7.21,25.39,40.62,279.29,8.2,0.36,17.945652000000003,119.08,0.71,34.1,25,23.65,0,1,False,False,True,False,False,True,Moderate,FARM0176
40.73,6.03,28.1,63.65,193.01,5.03,0.33,16.654870000000003,104.44,0.47,18.74,113,32.82,1,1,False,False,True,False,False,True,Severe,FARM0177
10.71,7.13,21.06,64.58,120.09,8.18,0.35,18.804474,77.65,0.63,38.15,68,11.05,1,0,True,False,False,False,False,True,Severe,FARM0178
35.93,7.02,32.34,65.76,255.25,4.95,0.42,20.720238,127.13,0.52,28.45,7,27.81,0,3,False,True,False,False,True,False,Severe,FARM0179
25.98,7.34,29.09,81.18,118.49,7.03,0.4,21.532417999999996,89.84,0.84,29.57,121,6.38,4,3,True,False,False,False,True,False,Moderate,FARM0180
10.96,5.6,32.08,50.72,244.96,5.33,0.58,28.564031999999997,117.84,0.9,17.05,99,14.3,1,2,False,False,True,False,True,False,Mild,FARM0181
38.03,5.95,27.17,75.64,285.75,8.26,0.54,16.837249,136.36,0.55,27.1,38,45.3,3,3,False,True,False,True,False,False,Severe,FARM0182
44.98,7.43,31.79,69.69,190.36,5.7,0.69,17.490858,108.83,0.93,49.51,33,7.87,3,2,True,False,False,True,False,False,Mild,FARM0183
36.79,7.3,31.11,70.0,250.59,7.96,0.72,19.664631,126.51,0.8,53.09,51,6.15,3,3,False,False,True,False,True,False,Mild,FARM0184
34.02,6.78,24.51,57.92,285.17,5.8,0.76,16.171698,127.1,0.28,40.45,94,44.44,2,0,False,False,True,False,True,False,Mild,FARM0185
17.78,5.95,32.43,84.34,155.12,6.23,0.37,26.663946,104.59,0.55,31.29,18,43.3,4,0,False,True,False,True,False,False,Severe,FARM0186
24.46,7.24,18.02,57.13,298.09,9.92,0.68,13.612307999999999,125.79,0.74,16.71,85,19.24,1,1,False,False,True,False,False,True,Severe,FARM0187
17.33,7.05,26.53,79.26,89.61,8.68,0.74,21.932351000000004,78.48,0.55,50.1,49,24.52,1,4,False,False,True,False,True,False,Severe,FARM0188
16.67,6.85,27.53,74.68,112.21,6.07,0.74,22.940749,84.18,0.35,22.61,5,22.26,3,0,False,False,True,False,False,True,Moderate,FARM0189
22.0,7.3,22.19,87.4,97.11,9.51,0.73,17.308200000000003,80.74,0.8,47.93,75,15.28,2,4,False,False,True,False,False,True,Severe,FARM0190
36.99,6.75,26.88,45.41,61.99,9.02,0.71,16.937088,56.92,0.25,43.19,60,10.21,1,4,True,False,False,False,True,False,Severe,FARM0191
33.16,6.82,20.4,46.86,201.41,8.98,0.46,13.63536,94.47,0.32,52.98,63,37.34,0,0,True,False,False,False,True,False,Mild,FARM0192
20.34,5.58,24.93,86.66,101.92,5.98,0.35,19.859237999999998,83.94,0.92,37.11,19,35.22,0,0,True,False,False,False,False,True,Severe,FARM0193
25.99,7.45,20.28,80.66,62.52,9.24,0.69,15.009228000000002,66.23,0.95,17.98,11,41.07,2,0,False,True,False,True,False,False,Moderate,FARM0194
43.43,6.04,29.66,57.14,143.16,4.68,0.37,16.778662,88.05,0.46,27.17,107,17.23,0,0,False,False,True,True,False,False,Severe,FARM0195
24.56,6.68,31.05,49.06,219.6,6.28,0.83,23.42412,108.79,0.18,43.34,33,6.3,4,3,False,True,False,False,True,False,Severe,FARM0196
19.16,6.13,29.09,78.38,219.48,7.46,0.59,23.516356000000002,119.01,0.37,35.84,24,44.29,4,2,False,False,True,False,True,False,Severe,FARM0197
41.22,6.73,15.23,65.28,283.59,6.82,0.69,8.952194,122.61,0.23,31.65,35,8.37,3,3,False,False,True,False,False,True,Severe,FARM0198
26.07,7.1,23.96,62.35,264.15,4.71,0.66,17.713628000000003,122.15,0.6,18.48,70,34.4,4,3,False,False,True,False,True,False,Moderate,FARM0199
17.24,6.84,34.01,42.71,140.84,5.34,0.76,28.146676000000003,84.84,0.34,40.56,46,30.21,3,1,False,False,True,True,False,False,Mild,FARM0200
22.43,6.77,31.0,58.69,186.92,4.64,0.86,24.046699999999998,102.8,0.27,26.74,65,11.32,1,2,False,False,True,True,False,False,Severe,FARM0201
38.86,5.88,21.76,42.33,239.29,7.8,0.86,13.304064,105.04,0.62,59.75,0,25.58,0,3,True,False,False,True,False,False,Severe,FARM0202
34.21,5.85,31.3,72.88,75.89,7.64,0.88,20.59227,75.39,0.65,32.23,63,44.66,2,1,False,True,False,False,True,False,Severe,FARM0203
24.45,6.9,29.97,75.07,124.73,9.16,0.87,22.642335,89.92,0.4,25.42,33,14.44,2,3,False,False,True,False,False,True,Moderate,FARM0204
29.68,6.67,33.85,73.71,227.53,9.36,0.75,23.80332,123.13,0.17,38.72,6,41.37,1,2,False,True,False,True,False,False,Mild,FARM0205
15.12,5.62,30.69,67.06,101.0,6.15,0.61,26.049672,80.14,0.88,43.67,95,32.72,1,0,False,False,True,False,False,True,Moderate,FARM0206
23.56,7.41,34.52,67.61,128.16,4.08,0.65,26.387088000000002,91.38,0.91,54.29,90,32.93,0,2,False,True,False,False,False,True,Mild,FARM0207
25.71,7.47,16.49,76.75,290.62,4.72,0.86,12.250420999999996,130.25,0.97,43.36,32,17.56,1,3,True,False,False,True,False,False,Severe,FARM0208
30.89,7.05,27.51,55.06,260.78,8.74,0.55,19.012161000000003,120.89,0.55,56.04,66,40.28,1,3,False,True,False,False,False,True,Severe,FARM0209
17.74,5.93,21.64,50.92,140.2,8.52,0.85,17.801064,78.66,0.57,48.2,57,42.07,1,2,False,False,True,False,True,False,Mild,FARM0210
23.35,7.09,17.27,76.2,114.15,4.15,0.87,13.237455,77.68,0.59,34.63,83,41.13,1,2,False,True,False,False,True,False,Mild,FARM0211
10.26,5.63,28.41,83.25,243.4,6.55,0.58,25.495133999999997,127.63,0.87,26.91,18,29.2,3,1,True,False,False,False,False,True,Moderate,FARM0212
12.56,5.86,20.04,81.08,67.61,9.47,0.73,17.522976,67.74,0.64,18.8,86,25.3,4,2,False,False,True,True,False,False,Severe,FARM0213
34.53,5.65,33.56,79.34,76.53,5.81,0.38,21.971732000000003,79.87,0.85,45.99,3,39.44,4,1,True,False,False,True,False,False,Severe,FARM0214
43.6,5.79,28.55,79.75,278.54,8.38,0.87,16.1022,136.87,0.71,22.34,73,29.91,1,1,False,True,False,False,False,True,Moderate,FARM0215
17.41,7.31,32.03,49.2,85.61,7.7,0.63,26.453577,69.39,0.81,42.93,108,10.16,1,3,False,True,False,False,False,True,Severe,FARM0216
18.77,5.89,26.61,57.86,287.88,8.03,0.65,21.615302999999997,129.47,0.61,35.85,42,17.83,4,0,False,False,True,False,False,True,Moderate,FARM0217
15.9,6.13,30.71,72.04,228.05,5.66,0.41,25.827109999999998,120.26,0.37,31.78,99,35.58,0,0,False,True,False,False,False,True,Severe,FARM0218
41.2,5.89,29.67,76.37,206.65,9.35,0.58,17.44596,114.8,0.61,14.5,66,31.05,2,0,True,False,False,False,True,False,Mild,FARM0219
17.82,7.04,29.66,63.24,122.75,7.06,0.4,24.374588000000003,84.37,0.54,40.67,42,27.6,0,0,False,False,True,True,False,False,Mild,FARM0220
11.41,7.02,19.63,51.7,116.09,8.01,0.68,17.390217,70.23,0.52,64.37,41,26.14,1,4,False,True,False,True,False,False,Moderate,FARM0221
29.05,5.85,28.07,72.67,141.32,9.01,0.83,19.915665,92.52,0.65,29.67,111,48.77,3,0,False,True,False,True,False,False,Severe,FARM0222
25.4,5.96,25.29,47.51,120.2,4.94,0.69,18.866339999999997,74.03,0.54,40.47,61,15.37,2,1,True,False,False,False,True,False,Severe,FARM0223
11.51,6.65,18.22,41.96,207.39,7.43,0.74,16.122878,92.67,0.15,38.24,72,16.62,2,2,True,False,False,False,False,True,Moderate,FARM0224
25.72,7.49,32.35,81.52,92.64,7.61,0.53,24.02958,84.66,0.99,34.87,116,34.68,2,2,False,False,True,False,True,False,Mild,FARM0225
17.08,7.22,25.09,47.48,154.95,4.58,0.62,20.804628,84.29,0.72,17.9,123,31.99,4,2,False,False,True,False,True,False,Severe,FARM0226
24.72,7.25,28.95,86.92,157.24,6.89,0.76,21.79356,103.65,0.75,33.47,25,31.51,3,4,False,False,True,True,False,False,Severe,FARM0227
40.69,6.32,18.78,79.47,227.29,7.47,0.69,11.138418000000001,114.06,0.18,38.93,104,5.32,3,0,True,False,False,False,True,False,Moderate,FARM0228
24.82,6.23,20.51,77.75,220.15,6.48,0.74,15.419418000000002,112.53,0.27,56.17,73,21.66,3,0,False,False,True,False,False,True,Severe,FARM0229
37.41,7.4,17.01,79.3,177.09,8.81,0.35,10.646559000000002,97.6,0.9,16.77,37,22.51,0,3,True,False,False,False,False,True,Moderate,FARM0230
12.8,5.58,22.69,70.7,296.11,7.13,0.77,19.785680000000003,134.13,0.92,52.96,102,33.81,1,3,True,False,False,False,False,True,Mild,FARM0231
33.59,6.22,28.1,44.34,293.91,5.66,0.63,18.66121,126.98,0.28,39.91,94,35.13,2,1,False,False,True,True,False,False,Moderate,FARM0232
17.92,7.43,24.1,40.23,150.99,5.05,0.79,19.781280000000002,79.46,0.93,16.45,131,8.26,1,0,True,False,False,False,True,False,Moderate,FARM0233
29.71,7.04,30.15,62.94,290.31,6.76,0.49,21.192434999999996,134.88,0.54,39.65,56,10.23,0,4,True,False,False,True,False,False,Moderate,FARM0234
10.34,7.16,19.97,73.68,73.25,8.93,0.71,17.905102,66.42,0.66,25.66,73,46.91,3,1,True,False,False,False,True,False,Mild,FARM0235
18.22,5.98,20.31,81.75,107.3,9.02,0.62,16.609517999999998,80.12,0.52,43.78,126,40.05,2,4,False,True,False,False,False,True,Severe,FARM0236
31.72,6.48,34.71,83.44,274.25,6.94,0.6,23.699988000000005,141.68,0.02,44.12,54,14.99,1,4,False,True,False,True,False,False,Severe,FARM0237
44.18,6.9,24.2,40.59,222.3,5.26,0.52,13.50844,101.08,0.4,24.41,34,21.27,0,3,True,False,False,True,False,False,Severe,FARM0238
24.67,7.0,22.3,62.54,150.15,7.43,0.39,16.79859,86.79,0.5,46.37,25,37.44,2,4,False,False,True,False,False,True,Severe,FARM0239
27.49,7.49,31.99,76.03,179.25,8.71,0.59,23.195949,108.18,0.99,20.83,20,30.3,0,3,False,True,False,True,False,False,Severe,FARM0240
19.09,6.22,26.15,57.21,252.5,6.47,0.51,21.157965,118.25,0.28,36.5,68,48.34,1,4,False,True,False,False,True,False,Severe,FARM0241
23.34,6.07,27.63,48.38,86.21,8.85,0.49,21.181158,65.94,0.43,39.09,20,33.41,4,4,False,True,False,True,False,False,Moderate,FARM0242
32.56,6.04,23.9,58.16,265.7,7.52,0.35,16.11816,120.9,0.46,21.61,64,12.53,3,0,False,False,True,True,False,False,Mild,FARM0243
13.34,7.37,24.46,78.55,63.46,7.14,0.47,21.197035999999997,68.8,0.87,43.71,99,16.81,4,4,True,False,False,False,False,True,Mild,FARM0244
39.35,5.56,28.27,56.26,265.09,6.86,0.64,17.145754999999998,123.23,0.94,43.2,58,25.02,3,3,False,True,False,False,True,False,Moderate,FARM0245
28.89,7.11,23.84,52.99,141.45,5.82,0.75,16.952624,81.51,0.61,35.9,1,41.69,0,0,True,False,False,False,True,False,Moderate,FARM0246
37.93,6.69,30.94,49.43,187.05,9.29,0.68,19.204458000000002,99.09,0.19,27.17,96,16.25,0,2,False,False,True,True,False,False,Moderate,FARM0247
38.31,6.33,32.07,54.48,95.6,7.82,0.88,19.783983,74.52,0.17,18.89,6,36.52,3,0,False,False,True,True,False,False,Moderate,FARM0248
35.03,6.95,19.66,64.68,87.67,6.05,0.33,12.773102,66.92,0.45,15.19,20,49.91,2,0,False,True,False,True,False,False,Severe,FARM0249
26.46,5.88,31.83,81.41,254.31,4.73,0.61,23.407781999999997,132.73,0.62,43.64,50,39.71,3,2,False,False,True,True,False,False,Mild,FARM0250
33.85,6.12,21.46,42.11,207.29,9.62,0.44,14.195790000000002,95.13,0.38,49.12,110,26.66,0,4,True,False,False,True,False,False,Severe,FARM0251
15.86,6.05,17.39,40.45,247.29,4.25,0.86,14.631946000000001,103.41,0.45,31.53,63,31.83,4,0,False,False,True,False,True,False,Severe,FARM0252
32.56,6.9,30.83,51.63,81.46,9.89,0.72,20.791751999999995,68.21,0.4,30.11,17,37.99,1,2,False,True,False,True,False,False,Moderate,FARM0253
16.64,5.87,21.95,53.77,233.1,8.99,0.6,18.29752,107.9,0.63,21.5,93,28.9,0,1,False,False,True,False,False,True,Mild,FARM0254
39.99,7.05,19.78,72.91,230.25,7.23,0.37,11.869978000000001,113.07,0.55,20.93,36,28.58,3,2,False,False,True,False,False,True,Severe,FARM0255
16.25,5.56,17.14,41.59,97.9,7.85,0.31,14.354750000000001,58.86,0.94,23.81,93,27.05,2,2,False,False,True,False,True,False,Mild,FARM0256
26.38,6.78,22.22,84.52,235.87,8.93,0.36,16.358363999999998,121.23,0.28,56.79,9,16.96,4,4,True,False,False,False,True,False,Mild,FARM0257
16.63,6.55,19.98,48.94,206.33,8.5,0.4,16.657326,96.46,0.05,41.95,89,9.75,0,1,False,False,True,False,True,False,Mild,FARM0258
27.66,6.82,25.68,86.68,199.98,9.41,0.76,18.576912,113.93,0.32,34.53,61,23.56,0,1,False,True,False,True,False,False,Moderate,FARM0259
25.66,6.29,29.53,69.79,295.74,7.11,0.64,21.952602000000002,138.79,0.21,22.64,70,18.52,0,0,False,True,False,False,False,True,Mild,FARM0260
26.11,5.81,20.3,52.49,272.41,5.54,0.8,14.999670000000002,117.94,0.69,16.98,83,30.67,4,2,False,True,False,False,False,True,Severe,FARM0261
11.31,7.12,22.63,86.09,245.03,6.01,0.33,20.070546999999998,124.92,0.62,20.91,2,46.86,1,1,False,False,True,True,False,False,Severe,FARM0262
29.77,6.15,28.96,73.68,88.3,9.98,0.59,20.338608,77.68,0.35,27.0,50,30.89,3,0,False,False,True,False,True,False,Severe,FARM0263
19.19,6.3,23.69,78.1,224.47,6.89,0.46,19.143889,116.35,0.2,35.71,94,22.79,0,1,False,False,True,True,False,False,Severe,FARM0264
13.14,6.84,23.47,56.04,137.08,7.56,0.85,20.386042,81.14,0.34,41.98,113,12.62,3,0,True,False,False,True,False,False,Mild,FARM0265
15.46,6.96,16.72,52.15,234.9,7.73,0.62,14.135087999999998,103.87,0.46,33.2,60,5.62,1,3,False,False,True,True,False,False,Mild,FARM0266
36.26,6.6,27.46,74.75,298.08,8.01,0.46,17.503004,139.92,0.1,25.3,36,45.77,3,1,False,False,True,False,True,False,Severe,FARM0267
23.6,6.04,32.04,83.21,215.03,4.11,0.41,24.47856,121.82,0.46,58.49,62,49.09,4,2,False,False,True,False,False,True,Severe,FARM0268
11.39,7.34,21.1,77.22,172.48,4.11,0.9,18.69671,98.46,0.84,49.04,80,33.14,4,1,False,True,False,True,False,False,Severe,FARM0269
17.9,6.18,22.86,76.49,84.32,7.12,0.69,18.76806,73.04,0.32,51.73,42,15.82,1,1,False,False,True,True,False,False,Mild,FARM0270
34.1,7.3,33.19,85.45,157.52,8.62,0.83,21.87221,106.33,0.8,28.21,18,8.05,1,3,False,False,True,True,False,False,Severe,FARM0271
25.51,7.37,32.88,53.69,283.31,8.67,0.71,24.492312000000002,131.13,0.87,41.33,78,13.31,1,4,True,False,False,False,False,True,Moderate,FARM0272
14.69,7.19,24.38,49.2,212.39,6.32,0.43,20.798578,101.68,0.69,43.6,1,12.37,0,2,False,False,True,False,False,True,Mild,FARM0273
16.2,7.41,23.79,74.39,204.26,9.2,0.64,19.93602,108.88,0.91,38.67,80,23.22,4,3,False,False,True,True,False,False,Severe,FARM0274
25.81,7.15,15.85,65.94,298.96,6.37,0.47,11.759115,127.95,0.65,31.03,50,22.43,4,1,True,False,False,False,True,False,Mild,FARM0275
31.46,5.61,25.34,81.49,85.56,6.71,0.65,17.368035999999996,77.27,0.89,36.45,41,40.04,1,4,True,False,False,False,False,True,Mild,FARM0276
18.75,6.88,33.14,75.92,249.12,4.74,0.87,26.92625,129.96,0.38,39.26,93,25.22,4,4,True,False,False,False,True,False,Severe,FARM0277
11.54,5.84,21.7,83.13,267.83,4.97,0.41,19.19582,129.88,0.66,29.71,98,39.61,0,1,False,False,True,False,False,True,Mild,FARM0278
31.79,6.01,24.17,67.18,263.85,4.03,0.83,16.486357,124.15,0.49,30.59,10,14.76,4,3,False,False,True,False,False,True,Moderate,FARM0279
38.7,5.92,18.7,57.45,63.77,4.87,0.4,11.463099999999999,56.14,0.58,51.19,6,31.01,3,1,True,False,False,False,True,False,Moderate,FARM0280
30.03,6.62,34.33,58.01,237.33,4.22,0.37,24.020701,120.15,0.12,53.55,70,21.59,3,1,False,True,False,True,False,False,Moderate,FARM0281
24.48,5.92,19.18,68.57,64.55,9.88,0.67,14.484735999999998,61.18,0.58,23.32,81,37.58,3,0,True,False,False,True,False,False,Mild,FARM0282
27.37,6.96,24.95,84.18,252.0,5.4,0.55,18.121184999999997,127.98,0.46,39.9,53,5.07,3,1,False,True,False,False,False,True,Moderate,FARM0283
38.21,5.92,27.81,52.72,222.5,4.41,0.32,17.183799,108.7,0.58,25.06,101,29.75,3,0,False,True,False,False,True,False,Mild,FARM0284
39.18,7.34,24.58,41.78,168.63,4.81,0.61,14.949556,85.74,0.84,43.16,52,25.73,1,3,False,False,True,False,True,False,Moderate,FARM0285
10.66,6.65,21.63,79.79,279.05,4.4,0.66,19.324241999999998,131.85,0.15,31.82,42,42.83,3,1,False,False,True,True,False,False,Moderate,FARM0286
19.5,5.67,32.54,81.47,142.9,5.82,0.84,26.194699999999997,99.86,0.83,55.43,56,10.05,4,0,False,True,False,False,False,True,Mild,FARM0287
42.33,6.96,25.47,47.16,243.88,9.23,0.71,14.688549,111.13,0.46,40.44,29,37.61,1,3,False,False,True,False,False,True,Severe,FARM0288
41.12,5.71,30.32,41.12,236.39,8.55,0.39,17.852416,110.1,0.79,26.42,56,14.02,0,0,False,False,True,True,False,False,Severe,FARM0289
29.59,5.7,25.85,53.55,187.34,9.66,0.84,18.200985,97.01,0.8,43.17,113,16.02,3,2,False,True,False,False,True,False,Severe,FARM0290
11.88,6.35,18.58,69.64,199.03,9.02,0.85,16.372695999999998,101.5,0.15,47.56,85,21.0,0,2,False,False,True,False,True,False,Severe,FARM0291
13.25,7.1,28.97,55.52,74.32,7.87,0.72,25.131475000000002,66.23,0.6,38.5,66,15.43,2,1,False,False,True,True,False,False,Moderate,FARM0292
27.06,5.63,17.26,82.29,169.66,5.69,0.34,12.589444,96.76,0.87,45.83,101,30.86,0,0,False,True,False,False,True,False,Moderate,FARM0293
24.03,6.33,27.42,88.69,186.99,6.3,0.7,20.830974,112.14,0.17,42.29,87,41.63,0,1,False,True,False,False,False,True,Severe,FARM0294
14.0,6.69,21.51,62.26,74.41,5.85,0.34,18.4986,63.36,0.19,39.73,97,31.92,0,1,False,False,True,False,False,True,Mild,FARM0295
41.61,6.77,15.0,47.46,86.68,7.19,0.48,8.7585,56.24,0.27,41.43,76,31.01,3,3,False,False,True,False,True,False,Severe,FARM0296
30.4,6.72,25.21,82.63,261.91,4.37,0.54,17.54616,130.53,0.22,21.58,7,36.65,4,0,True,False,False,False,False,True,Moderate,FARM0297
23.35,6.59,28.25,49.41,168.72,6.31,0.59,21.653625,91.57,0.09,20.88,82,11.94,0,4,False,True,False,True,False,False,Severe,FARM0298
14.8,7.11,32.2,74.77,273.4,9.58,0.65,27.434400000000004,136.08,0.61,29.99,28,27.92,4,3,False,False,True,True,False,False,Mild,FARM0299
24.38,6.59,22.34,68.41,294.56,8.23,0.77,16.893508,132.49,0.09,49.7,67,26.67,1,1,True,False,False,False,True,False,Severe,FARM0300
28.32,6.72,19.9,73.19,207.67,8.01,0.74,14.26432,106.5,0.22,14.7,116,7.37,4,1,False,True,False,False,True,False,Severe,FARM0301
20.12,5.57,33.46,76.35,237.36,7.38,0.47,26.727847999999998,126.84,0.93,49.73,37,26.29,1,0,True,False,False,False,True,False,Severe,FARM0302
12.69,7.07,20.04,53.76,203.95,5.54,0.72,17.496924,97.72,0.57,46.83,47,12.86,3,3,True,False,False,False,True,False,Severe,FARM0303
40.17,6.19,16.69,86.7,86.27,4.92,0.51,9.985627000000001,73.08,0.31,41.56,21,39.67,3,3,False,False,True,True,False,False,Moderate,FARM0304
15.87,6.3,21.03,77.62,236.54,7.2,0.57,17.692539,117.78,0.2,41.63,55,36.75,4,2,False,False,True,False,True,False,Moderate,FARM0305
13.41,6.56,22.08,70.52,261.06,7.91,0.74,19.119072,123.09,0.06,33.1,118,17.16,4,1,False,True,False,True,False,False,Mild,FARM0306
33.72,7.49,21.27,40.42,52.64,4.41,0.67,14.097755999999999,47.91,0.99,25.69,36,28.64,1,1,False,False,True,False,False,True,Severe,FARM0307
43.27,6.78,29.16,82.82,79.99,4.78,0.47,16.542468,79.0,0.28,39.01,9,36.3,2,1,False,False,True,False,False,True,Severe,FARM0308
15.67,5.65,30.54,56.63,145.7,4.36,0.56,25.754382,89.27,0.85,27.68,125,24.83,1,0,False,True,False,False,False,True,Severe,FARM0309
13.62,5.65,26.43,62.29,112.65,9.38,0.3,22.830234,78.53,0.85,26.89,89,33.82,1,4,False,False,True,False,True,False,Severe,FARM0310
24.14,6.96,31.25,51.29,67.52,6.31,0.35,23.70625,64.21,0.46,24.15,14,30.53,0,4,False,False,True,False,False,True,Moderate,FARM0311
36.62,6.08,19.06,88.38,188.62,7.96,0.41,12.080228,106.23,0.42,25.65,21,22.55,0,2,False,True,False,False,True,False,Severe,FARM0312
35.19,6.69,24.78,67.03,65.75,5.85,0.7,16.059918000000003,65.12,0.19,34.89,103,6.67,4,3,False,False,True,False,False,True,Severe,FARM0313
35.94,5.97,16.44,64.44,233.86,4.11,0.67,10.531464000000001,108.26,0.53,44.86,39,36.56,2,1,True,False,False,False,False,True,Severe,FARM0314
27.4,7.1,19.41,61.31,251.11,8.87,0.33,14.09166,114.41,0.6,20.56,107,10.44,4,2,False,False,True,True,False,False,Mild,FARM0315
14.23,5.78,23.3,67.67,224.07,6.63,0.3,19.98441,111.76,0.72,44.83,2,9.5,4,0,True,False,False,False,False,True,Severe,FARM0316
24.57,7.11,30.45,50.31,223.09,7.84,0.35,22.968435,109.89,0.61,16.05,46,15.77,1,1,False,False,True,True,False,False,Moderate,FARM0317
10.16,5.97,17.35,44.78,182.55,6.17,0.88,15.587240000000001,85.69,0.53,20.68,14,39.66,0,0,False,False,True,True,False,False,Severe,FARM0318
15.59,7.35,16.08,50.48,141.05,5.51,0.84,13.573127999999997,74.57,0.85,26.06,3,9.7,2,4,False,False,True,False,False,True,Severe,FARM0319
21.41,5.9,28.54,78.95,131.42,5.96,0.56,22.429586,92.41,0.6,19.61,120,38.2,3,1,True,False,False,False,False,True,Mild,FARM0320
16.23,6.25,24.15,57.93,98.54,5.62,0.51,20.230454999999996,70.85,0.25,23.79,59,6.44,0,1,False,True,False,False,False,True,Moderate,FARM0321
37.63,6.78,27.23,88.51,92.48,9.13,0.74,16.983351,83.57,0.28,42.39,59,43.56,2,1,True,False,False,True,False,False,Mild,FARM0322
25.2,5.94,33.55,85.69,286.56,9.39,0.78,25.095399999999994,145.41,0.56,28.9,108,6.8,1,3,False,False,True,False,False,True,Severe,FARM0323
18.42,6.62,15.25,87.5,232.95,4.8,0.75,12.44095,116.32,0.12,38.97,20,34.14,0,4,False,True,False,False,False,True,Severe,FARM0324
37.01,7.25,23.11,58.52,247.46,6.79,0.67,14.556989000000002,114.98,0.75,17.32,54,8.18,0,4,True,False,False,False,True,False,Mild,FARM0325
40.83,6.97,16.1,73.73,286.33,9.33,0.73,9.52637,127.47,0.47,30.67,82,21.45,3,2,True,False,False,True,False,False,Mild,FARM0326
18.35,5.73,24.57,69.01,284.79,9.75,0.51,20.061405,131.47,0.77,20.88,108,39.24,1,3,False,False,True,False,True,False,Severe,FARM0327
39.03,6.44,25.64,84.97,256.34,6.71,0.47,15.632708000000001,130.12,0.06,37.66,22,47.54,3,1,False,True,False,False,True,False,Severe,FARM0328
19.66,6.89,24.93,66.03,268.75,7.76,0.41,20.028762,125.73,0.39,28.22,56,48.63,2,2,False,True,False,True,False,False,Severe,FARM0329
32.56,6.32,21.86,56.32,211.51,7.56,0.47,14.742384,102.38,0.18,24.65,33,18.68,3,3,False,False,True,True,False,False,Severe,FARM0330
19.95,7.41,27.37,66.77,90.2,5.09,0.38,21.909685,74.3,0.91,26.72,14,36.18,1,3,False,False,True,False,True,False,Moderate,FARM0331
17.18,6.91,28.31,47.4,294.51,6.69,0.39,23.446341999999994,128.55,0.41,26.83,37,18.57,2,0,False,False,True,False,True,False,Moderate,FARM0332
41.36,7.44,30.08,73.34,298.52,8.8,0.67,17.638912,141.45,0.94,14.7,141,36.01,0,0,False,False,True,True,False,False,Mild,FARM0333
13.24,5.61,27.83,51.11,195.86,9.61,0.59,24.145308,100.07,0.89,39.9,11,6.01,1,4,False,True,False,False,False,True,Severe,FARM0334
15.18,7.21,22.39,54.23,143.21,6.11,0.88,18.991198,81.45,0.71,43.58,113,8.94,0,0,False,False,True,False,True,False,Severe,FARM0335
39.24,6.7,17.87,89.42,125.81,7.15,0.4,10.857812000000001,86.91,0.2,20.65,52,46.99,2,4,False,True,False,False,False,True,Severe,FARM0336
16.97,7.16,20.79,81.14,172.65,5.81,0.8,17.261937,99.84,0.66,56.76,19,30.17,2,1,False,True,False,True,False,False,Severe,FARM0337
24.6,6.48,28.76,45.97,111.19,5.66,0.72,21.685040000000004,73.32,0.02,29.72,33,38.55,1,2,True,False,False,False,True,False,Severe,FARM0338
35.65,5.54,20.19,47.31,195.41,6.77,0.68,12.992265,92.69,0.96,39.18,45,12.35,3,0,False,False,True,True,False,False,Severe,FARM0339
36.83,5.87,16.89,67.19,238.16,9.23,0.61,10.669412999999999,110.99,0.63,43.1,45,35.84,2,1,False,True,False,True,False,False,Moderate,FARM0340
21.91,7.32,17.05,51.06,88.64,5.13,0.52,13.314345000000001,59.8,0.82,17.78,4,25.72,0,4,True,False,False,True,False,False,Severe,FARM0341
36.73,6.18,29.2,80.73,57.19,5.33,0.35,18.47484,71.35,0.32,60.45,54,15.2,3,1,False,False,True,False,True,False,Severe,FARM0342
16.87,5.57,28.2,63.45,198.29,9.45,0.41,23.442659999999997,106.02,0.93,53.43,77,18.57,4,4,True,False,False,False,False,True,Moderate,FARM0343
15.09,6.99,20.55,57.61,194.94,9.13,0.4,17.449005,96.94,0.49,39.79,55,30.66,4,2,False,False,True,False,True,False,Severe,FARM0344
42.22,7.2,24.49,49.26,224.53,8.04,0.37,14.150322,105.43,0.7,39.39,52,42.56,2,2,True,False,False,False,False,True,Severe,FARM0345
27.35,6.22,20.77,44.11,230.53,6.96,0.89,15.089405000000001,102.38,0.28,44.4,113,25.56,2,1,False,False,True,True,False,False,Severe,FARM0346
41.32,7.1,33.78,40.64,141.86,8.04,0.36,19.822104000000003,84.15,0.6,26.07,50,24.71,4,3,True,False,False,True,False,False,Mild,FARM0347
44.13,6.18,26.9,46.14,297.67,9.03,0.59,15.029029999999999,127.93,0.32,46.96,102,39.42,1,2,False,False,True,True,False,False,Severe,FARM0348
19.76,7.04,17.16,64.86,112.67,7.77,0.71,13.769184000000001,72.62,0.54,42.47,3,9.48,3,4,False,False,True,False,False,True,Mild,FARM0349
31.81,7.02,28.22,64.61,179.99,6.8,0.76,19.243218,101.01,0.52,27.21,110,27.41,3,0,False,True,False,False,True,False,Severe,FARM0350
25.75,7.21,23.85,48.84,59.0,7.96,0.59,17.708625,55.12,0.71,44.61,62,12.39,0,2,False,True,False,False,True,False,Severe,FARM0351
39.9,6.51,22.83,88.54,173.67,7.7,0.32,13.72083,104.64,0.01,27.31,46,19.42,3,4,False,True,False,True,False,False,Moderate,FARM0352
24.99,7.48,23.24,52.21,64.11,5.41,0.32,17.432324,57.55,0.98,22.2,86,8.82,4,4,False,True,False,False,True,False,Severe,FARM0353
41.55,6.03,28.92,89.29,197.0,6.27,0.7,16.903740000000003,116.51,0.47,35.08,86,30.76,3,1,False,False,True,True,False,False,Mild,FARM0354
22.72,6.37,24.94,79.36,261.83,9.04,0.81,19.273632000000003,129.0,0.13,45.38,79,16.93,1,1,False,False,True,True,False,False,Severe,FARM0355
19.57,6.63,25.62,57.37,156.78,4.46,0.57,20.606166,89.2,0.13,26.24,53,41.19,1,1,False,True,False,False,True,False,Mild,FARM0356
40.19,6.65,19.26,77.11,290.53,6.8,0.76,11.519406000000002,132.45,0.15,33.89,18,37.7,3,2,False,False,True,False,True,False,Severe,FARM0357
40.11,7.32,27.68,53.35,261.49,5.72,0.49,16.577552,120.55,0.82,23.37,24,35.91,1,4,False,False,True,True,False,False,Severe,FARM0358
24.77,7.31,19.04,41.46,118.18,8.74,0.84,14.323792000000001,66.32,0.81,63.64,62,29.78,0,1,False,True,False,False,True,False,Moderate,FARM0359
40.35,7.3,23.14,72.87,140.86,4.54,0.45,13.803009999999999,88.76,0.8,16.66,148,10.04,1,1,False,False,True,False,False,True,Severe,FARM0360
14.28,7.11,21.59,59.5,196.08,8.49,0.33,18.506948,98.82,0.61,57.08,56,14.81,3,3,False,False,True,True,False,False,Moderate,FARM0361
29.1,6.45,19.93,79.21,119.43,4.87,0.86,14.130370000000001,82.46,0.05,44.79,8,21.55,1,2,False,False,True,False,True,False,Mild,FARM0362
23.46,6.78,29.01,74.26,275.79,7.21,0.82,22.204254000000002,134.2,0.28,21.66,105,22.48,3,0,False,False,True,True,False,False,Mild,FARM0363
40.78,7.03,23.13,83.32,58.47,8.94,0.46,13.697586,68.22,0.53,47.07,104,38.16,1,4,False,False,True,True,False,False,Severe,FARM0364
31.07,7.13,29.76,41.37,163.32,4.31,0.37,20.513568000000006,87.86,0.63,40.03,80,24.95,0,0,False,False,True,False,True,False,Mild,FARM0365
39.64,6.87,30.85,63.92,129.85,8.41,0.53,18.62106,87.66,0.37,25.88,53,35.94,2,1,False,True,False,False,False,True,Mild,FARM0366
42.31,6.79,27.53,88.71,276.71,5.19,0.31,15.882057,139.14,0.29,24.5,47,23.05,4,2,False,False,True,False,False,True,Severe,FARM0367
14.15,6.93,18.81,79.11,265.48,5.73,0.41,16.148384999999998,125.4,0.43,58.07,36,10.86,0,4,False,False,True,True,False,False,Mild,FARM0368
44.16,5.97,24.02,69.15,112.08,7.88,0.66,13.412768000000002,79.3,0.53,41.28,91,26.1,1,2,True,False,False,False,False,True,Severe,FARM0369
12.06,6.17,19.7,89.84,277.06,9.64,0.64,17.32418,133.83,0.33,54.22,85,16.41,3,2,True,False,False,False,False,True,Mild,FARM0370
27.63,7.36,32.56,55.87,82.98,7.18,0.56,23.563672,71.66,0.86,45.34,106,10.26,2,0,False,False,True,True,False,False,Moderate,FARM0371
28.09,6.37,18.3,64.56,234.22,9.7,0.37,13.15953,109.81,0.13,21.22,33,13.5,1,1,False,False,True,False,False,True,Severe,FARM0372
22.48,6.92,24.7,82.29,173.25,9.2,0.7,19.14744,103.42,0.42,18.69,130,9.21,0,2,True,False,False,True,False,False,Mild,FARM0373
28.41,6.64,23.33,78.41,69.21,8.06,0.35,16.701947,69.62,0.14,30.38,13,17.79,4,1,False,True,False,False,False,True,Severe,FARM0374
30.8,5.51,34.4,87.54,214.04,5.95,0.53,23.8048,125.03,0.99,47.21,95,43.85,1,4,False,False,True,False,False,True,Severe,FARM0375
18.4,7.04,22.98,50.41,55.13,6.33,0.84,18.75168,53.94,0.54,32.93,55,34.12,2,0,False,False,True,True,False,False,Mild,FARM0376
39.12,6.53,24.79,63.82,271.35,7.38,0.88,15.092152,125.53,0.03,36.99,54,39.04,4,0,False,False,True,False,False,True,Mild,FARM0377
28.45,6.79,16.68,43.96,167.05,8.81,0.35,11.93454,80.21,0.29,20.94,109,49.29,0,3,False,True,False,False,False,True,Severe,FARM0378
27.87,6.33,24.29,80.64,230.08,6.13,0.55,17.520377,119.5,0.17,22.84,23,5.73,4,1,True,False,False,False,True,False,Moderate,FARM0379
35.34,7.01,24.0,57.07,251.96,9.51,0.54,15.5184,116.42,0.51,51.76,13,13.33,3,0,False,False,True,False,False,True,Severe,FARM0380
26.11,6.31,28.15,76.3,236.06,5.82,0.37,20.800034999999998,122.45,0.19,45.38,11,35.32,0,3,False,True,False,False,True,False,Severe,FARM0381
17.32,6.8,27.99,71.3,158.95,8.74,0.72,23.142132,97.2,0.3,30.73,14,18.54,4,3,False,False,True,False,False,True,Severe,FARM0382
40.09,6.67,19.03,81.69,192.36,4.31,0.9,11.400872999999999,104.66,0.17,46.5,94,33.37,4,4,True,False,False,False,False,True,Severe,FARM0383
27.01,6.68,27.23,80.83,219.67,6.93,0.37,19.875176999999997,118.66,0.18,18.03,114,5.86,0,4,True,False,False,False,True,False,Moderate,FARM0384
10.73,6.08,18.84,51.61,135.96,5.32,0.55,16.818468,75.56,0.42,21.22,37,43.41,0,4,False,True,False,False,True,False,Moderate,FARM0385
31.76,6.06,29.99,46.45,216.76,5.2,0.46,20.465175999999996,106.1,0.44,27.03,6,40.71,2,4,False,False,True,False,False,True,Mild,FARM0386
11.12,5.63,23.61,46.03,204.39,5.34,0.66,20.984568,97.44,0.87,28.96,38,40.32,3,3,False,True,False,True,False,False,Severe,FARM0387
37.96,7.43,30.12,79.08,293.66,7.66,0.48,18.686448,142.32,0.93,19.02,52,6.89,0,2,True,False,False,False,True,False,Severe,FARM0388
35.64,5.7,27.94,46.89,133.65,9.09,0.46,17.982184,79.81,0.8,36.62,87,39.61,0,1,False,False,True,True,False,False,Severe,FARM0389
15.31,7.01,23.43,80.09,107.05,6.48,0.73,19.842867,81.72,0.51,25.92,7,47.83,2,0,False,False,True,True,False,False,Severe,FARM0390
21.02,7.46,18.29,77.96,65.37,7.96,0.83,14.445442,64.51,0.96,32.92,133,7.6,1,2,False,False,True,False,True,False,Moderate,FARM0391
10.28,6.06,25.56,75.01,280.11,6.68,0.77,22.932432,133.21,0.44,40.59,113,33.1,1,0,False,False,True,False,True,False,Moderate,FARM0392
28.81,6.28,29.38,66.02,269.97,7.24,0.62,20.915622,129.43,0.22,45.3,20,28.03,4,2,False,False,True,False,False,True,Moderate,FARM0393
35.43,7.47,17.21,58.65,64.99,7.76,0.44,11.112496999999998,55.86,0.97,27.05,94,7.15,1,3,False,True,False,False,False,True,Mild,FARM0394
19.96,7.07,29.3,75.72,218.11,7.12,0.8,23.45172,117.7,0.57,36.02,116,19.75,1,0,False,False,True,False,False,True,Severe,FARM0395
24.87,5.76,19.3,73.84,69.52,6.42,0.4,14.50009,64.87,0.74,40.31,62,31.29,4,2,False,False,True,True,False,False,Mild,FARM0396
14.53,6.91,32.27,50.63,79.51,6.84,0.61,27.581169000000003,68.31,0.41,25.24,30,21.62,0,4,False,False,True,False,True,False,Severe,FARM0397
44.69,6.11,24.72,47.11,247.8,7.54,0.82,13.672632,111.72,0.39,34.92,0,45.01,1,0,True,False,False,True,False,False,Severe,FARM0398
20.84,6.4,21.76,81.72,144.33,9.0,0.78,17.225216,92.31,0.1,39.57,19,27.71,3,4,False,False,True,False,False,True,Severe,FARM0399
41.51,6.18,15.92,62.15,217.61,5.66,0.64,9.311608,102.08,0.32,36.33,79,36.82,2,4,True,False,False,False,False,True,Mild,FARM0400
30.19,5.61,26.4,63.79,97.35,9.38,0.65,18.42984,74.52,0.89,48.1,31,47.13,3,1,True,False,False,False,True,False,Severe,FARM0401
21.22,6.68,24.83,57.0,283.46,5.08,0.45,19.561073999999998,126.46,0.18,61.02,69,19.28,3,1,True,False,False,False,True,False,Severe,FARM0402
43.33,6.86,16.18,49.07,290.28,8.28,0.33,9.169206,118.85,0.36,22.43,96,9.44,1,3,False,True,False,True,False,False,Mild,FARM0403
18.28,6.52,25.09,53.46,287.34,5.91,0.71,20.503548000000002,126.4,0.02,54.37,2,26.79,3,1,False,False,True,False,False,True,Mild,FARM0404
20.66,6.31,16.68,50.17,208.95,9.81,0.58,13.233912,95.26,0.19,24.63,142,49.34,2,1,False,True,False,False,True,False,Moderate,FARM0405
12.11,7.34,20.47,74.0,112.72,10.0,0.72,17.991083,78.77,0.84,49.57,72,42.83,4,3,False,False,True,False,True,False,Mild,FARM0406
40.74,5.92,25.1,84.2,250.51,9.67,0.85,14.87426,127.66,0.58,30.6,58,25.37,1,1,False,True,False,False,True,False,Mild,FARM0407
26.68,7.3,28.45,84.76,153.29,8.22,0.88,20.859539999999996,101.23,0.8,44.2,85,8.65,3,2,False,False,True,False,True,False,Severe,FARM0408
23.54,7.18,31.24,46.24,295.95,6.22,0.68,23.886104,130.71,0.68,22.64,91,5.42,1,1,False,False,True,True,False,False,Mild,FARM0409
43.86,5.57,24.86,70.3,226.01,4.04,0.71,13.956404,114.57,0.93,22.16,24,44.15,0,3,False,False,True,False,False,True,Mild,FARM0410
14.49,5.63,20.19,51.4,192.48,7.14,0.3,17.264469000000002,93.45,0.87,31.07,64,43.15,3,2,False,True,False,False,False,True,Severe,FARM0411
25.14,7.49,20.48,63.33,220.04,6.17,0.83,15.331328000000001,106.7,0.99,30.61,0,15.1,1,2,True,False,False,False,True,False,Severe,FARM0412
43.52,7.33,18.94,43.14,132.31,7.75,0.58,10.697312,71.15,0.83,31.95,85,24.44,0,3,True,False,False,True,False,False,Moderate,FARM0413
28.19,5.97,16.46,61.93,199.99,4.57,0.34,11.819926,97.11,0.53,28.54,108,10.62,1,2,False,False,True,False,True,False,Severe,FARM0414
31.38,6.36,17.04,42.61,63.95,9.1,0.56,11.692848000000001,49.01,0.14,30.33,2,32.78,1,2,False,False,True,False,False,True,Severe,FARM0415
25.89,6.16,18.85,69.76,75.67,4.41,0.38,13.969735,64.74,0.34,32.89,92,10.67,4,0,False,False,True,False,True,False,Severe,FARM0416
20.91,6.37,34.19,55.56,238.59,9.31,0.39,27.040870999999996,119.44,0.13,32.18,1,26.13,2,2,False,False,True,False,False,True,Mild,FARM0417
40.05,6.34,18.91,85.43,100.09,8.71,0.5,11.336545000000001,78.38,0.16,36.97,42,35.05,3,1,False,True,False,False,False,True,Moderate,FARM0418
15.68,6.41,30.78,50.97,60.55,4.02,0.74,25.953696,61.64,0.09,37.36,98,15.36,1,4,False,False,True,False,True,False,Mild,FARM0419
38.91,5.51,15.2,67.73,139.47,4.85,0.73,9.28568,80.33,0.99,30.73,36,33.41,2,4,False,False,True,False,False,True,Moderate,FARM0420
16.25,5.54,31.86,41.05,277.66,8.06,0.7,26.682750000000002,123.61,0.96,19.07,116,40.43,2,1,False,False,True,False,True,False,Severe,FARM0421
15.06,7.35,30.9,58.91,97.92,6.25,0.33,26.24646,76.11,0.85,33.72,75,16.0,4,2,False,False,True,False,True,False,Moderate,FARM0422
43.89,7.27,19.18,63.53,70.35,7.98,0.52,10.761897999999999,60.9,0.77,28.66,66,27.89,3,3,True,False,False,False,False,True,Severe,FARM0423
19.39,6.3,33.42,41.83,196.0,5.32,0.52,26.939862,100.6,0.2,33.95,48,43.84,0,4,False,False,True,True,False,False,Severe,FARM0424
20.33,6.54,19.6,65.61,60.29,6.02,0.46,15.615320000000002,59.03,0.04,27.01,48,24.46,4,3,False,False,True,True,False,False,Severe,FARM0425
20.31,6.5,25.93,53.82,69.54,5.37,0.76,20.663617,61.84,0.0,25.1,42,21.21,4,0,True,False,False,False,False,True,Moderate,FARM0426
44.93,7.5,30.05,85.62,234.96,4.05,0.76,16.548535,127.27,1.0,30.42,3,42.0,3,3,False,True,False,True,False,False,Mild,FARM0427
17.94,7.0,24.49,79.3,178.96,8.55,0.81,20.096494,103.78,0.5,36.42,89,40.64,2,4,False,False,True,True,False,False,Severe,FARM0428
30.21,5.76,33.87,80.52,52.42,9.01,0.31,23.637872999999995,73.34,0.74,43.92,88,23.86,2,0,False,True,False,False,False,True,Severe,FARM0429
44.2,7.49,26.36,85.69,249.79,7.44,0.57,14.708879999999999,128.98,0.99,28.59,60,14.19,2,3,False,False,True,True,False,False,Moderate,FARM0430
13.65,6.61,15.64,64.43,222.26,5.12,0.4,13.505139999999999,104.18,0.11,31.04,116,17.77,2,2,True,False,False,True,False,False,Severe,FARM0431
44.64,5.76,23.37,59.45,235.79,9.42,0.49,12.937632,112.04,0.74,34.08,121,44.17,2,4,False,False,True,False,False,True,Mild,FARM0432
19.64,5.51,17.85,59.96,65.99,8.85,0.57,14.344260000000002,57.17,0.99,17.11,11,44.57,0,1,False,True,False,False,True,False,Moderate,FARM0433
38.82,7.2,23.3,70.89,94.89,6.59,0.46,14.254940000000001,74.3,0.7,41.69,5,13.25,3,4,False,False,True,False,True,False,Moderate,FARM0434
41.81,6.32,30.24,58.44,80.31,8.53,0.75,17.596656,70.15,0.18,17.86,3,25.29,2,2,False,True,False,True,False,False,Severe,FARM0435
39.95,6.29,15.21,85.86,78.67,5.96,0.8,9.133605,69.35,0.21,22.49,112,25.76,0,0,False,False,True,True,False,False,Mild,FARM0436
13.52,6.09,25.69,43.88,147.71,8.58,0.68,22.216712,81.13,0.41,15.84,55,24.83,3,2,False,True,False,False,False,True,Severe,FARM0437
25.54,6.7,15.97,50.09,144.35,5.5,0.88,11.891262000000001,75.32,0.2,37.21,24,9.11,1,4,False,False,True,False,False,True,Severe,FARM0438
11.54,6.53,31.31,71.34,130.67,7.75,0.53,27.696826,91.22,0.03,29.41,1,10.44,2,3,False,False,True,True,False,False,Severe,FARM0439
33.03,6.06,27.48,84.27,60.98,6.47,0.53,18.403356,72.61,0.44,55.06,76,37.06,4,3,False,False,True,False,False,True,Mild,FARM0440
32.24,7.27,21.36,64.11,262.89,6.01,0.84,14.473535999999998,120.53,0.77,35.65,1,28.0,2,0,False,False,True,True,False,False,Moderate,FARM0441
36.5,6.74,16.2,54.83,143.63,4.91,0.77,10.287,77.17,0.24,25.17,84,6.71,0,3,False,False,True,False,True,False,Severe,FARM0442
32.68,6.08,15.47,56.56,261.73,5.45,0.68,10.414404,112.75,0.42,21.25,97,49.48,0,1,True,False,False,False,True,False,Severe,FARM0443
43.38,5.6,34.84,46.28,284.57,5.04,0.66,19.726408000000003,130.01,0.9,27.28,92,27.83,4,4,False,False,True,False,False,True,Moderate,FARM0444
25.69,6.77,20.44,44.0,245.32,9.84,0.78,15.188964,106.53,0.27,36.37,55,12.55,3,0,False,False,True,True,False,False,Severe,FARM0445
39.89,7.02,33.43,47.64,198.8,8.36,0.58,20.094773,103.77,0.52,37.27,61,25.86,0,4,False,True,False,True,False,False,Mild,FARM0446
10.45,6.5,29.51,86.28,172.86,9.64,0.86,26.426205,108.5,0.0,38.67,4,27.03,4,3,False,True,False,True,False,False,Mild,FARM0447
43.5,7.04,30.03,75.46,137.14,7.81,0.68,16.96695,93.85,0.54,21.8,122,7.6,0,3,False,True,False,False,True,False,Severe,FARM0448
31.19,7.39,17.95,68.92,111.85,7.98,0.35,12.351395,74.59,0.89,41.98,101,10.25,1,3,False,False,True,False,False,True,Mild,FARM0449
39.04,6.01,21.04,72.92,291.92,6.3,0.39,12.825983999999998,132.52,0.49,25.65,73,23.52,2,4,False,True,False,False,True,False,Mild,FARM0450
10.22,5.84,24.83,78.69,74.22,6.51,0.6,22.292374,72.36,0.66,34.64,90,17.98,1,4,False,False,True,False,True,False,Severe,FARM0451
38.5,5.87,16.18,77.96,95.68,5.56,0.47,9.9507,72.02,0.63,31.35,20,33.21,3,4,False,False,True,True,False,False,Moderate,FARM0452
18.22,6.47,30.21,53.3,52.38,9.73,0.5,24.705738,59.69,0.03,31.88,68,14.5,3,2,True,False,False,False,False,True,Severe,FARM0453
33.87,6.19,21.3,58.06,109.9,6.39,0.38,14.08569,72.17,0.31,46.07,51,44.29,1,0,True,False,False,True,False,False,Severe,FARM0454
43.29,7.0,19.97,74.31,162.98,9.22,0.74,11.324986999999998,93.6,0.5,18.79,46,13.46,1,1,False,False,True,False,True,False,Severe,FARM0455
26.96,6.98,30.88,86.95,137.08,9.65,0.83,22.554751999999997,99.06,0.48,27.85,24,43.57,3,3,False,False,True,False,True,False,Severe,FARM0456
37.89,6.1,28.46,83.74,187.19,5.01,0.36,17.676506,111.0,0.4,27.11,96,26.7,0,3,False,False,True,False,False,True,Severe,FARM0457
41.59,7.03,19.41,63.82,114.41,9.39,0.76,11.337381,74.41,0.53,29.18,85,11.11,1,3,True,False,False,False,True,False,Severe,FARM0458
41.86,6.99,29.5,79.25,213.48,9.8,0.75,17.151300000000003,117.87,0.49,25.74,43,15.06,0,0,False,False,True,False,False,True,Severe,FARM0459
14.46,6.13,22.6,55.54,234.23,7.54,0.65,19.33204,109.43,0.37,45.93,101,49.09,1,1,False,False,True,True,False,False,Severe,FARM0460
28.84,6.42,17.89,81.86,285.72,7.0,0.89,12.730524,131.88,0.08,40.88,8,32.07,4,4,False,False,True,False,False,True,Severe,FARM0461
26.74,7.16,24.9,58.84,226.04,9.89,0.82,18.24174,110.02,0.66,42.19,57,42.25,3,0,False,True,False,False,False,True,Mild,FARM0462
20.47,7.13,33.25,41.08,89.8,6.35,0.85,26.443725,68.31,0.63,30.99,67,26.3,0,4,False,False,True,False,True,False,Severe,FARM0463
21.32,7.08,32.32,86.73,63.53,5.82,0.74,25.429376,77.99,0.58,51.75,26,11.19,2,2,False,False,True,False,True,False,Severe,FARM0464
13.57,7.07,32.17,89.14,144.14,8.08,0.88,27.804531,103.03,0.57,14.73,131,9.32,3,0,False,False,True,False,False,True,Severe,FARM0465
14.16,6.29,21.05,48.62,199.04,8.47,0.35,18.06932,94.95,0.21,42.33,56,43.92,4,3,True,False,False,True,False,False,Severe,FARM0466
10.81,6.65,26.45,77.27,118.43,8.77,0.85,23.590754999999998,86.27,0.15,27.29,16,26.79,2,1,False,False,True,True,False,False,Mild,FARM0467
23.78,7.13,30.67,43.2,182.52,9.02,0.49,23.376674,95.04,0.63,30.32,46,48.46,4,4,True,False,False,False,False,True,Severe,FARM0468
17.22,5.82,26.25,41.75,262.86,9.88,0.61,21.72975,115.25,0.68,30.88,63,48.48,3,3,False,True,False,True,False,False,Moderate,FARM0469
14.89,6.48,21.26,89.84,277.7,7.64,0.38,18.094386,135.19,0.02,29.92,38,9.46,0,1,False,False,True,False,True,False,Mild,FARM0470
19.71,6.96,23.44,53.03,187.46,7.9,0.74,18.819976,95.03,0.46,49.24,18,25.52,1,1,False,False,True,True,False,False,Mild,FARM0471
33.01,7.14,27.1,47.67,154.92,9.95,0.34,18.154290000000003,85.87,0.64,32.77,68,6.17,3,0,False,False,True,True,False,False,Severe,FARM0472
37.23,5.79,30.96,44.9,118.41,9.88,0.36,19.433592,76.7,0.71,39.95,39,47.83,1,0,False,False,True,True,False,False,Moderate,FARM0473
29.3,6.71,32.93,87.33,92.69,6.34,0.31,23.281510000000004,87.44,0.21,43.19,103,35.5,1,1,False,True,False,False,True,False,Mild,FARM0474
23.26,6.97,16.06,88.72,231.35,8.25,0.47,12.324443999999998,116.94,0.47,37.19,45,32.39,2,3,False,False,True,False,True,False,Severe,FARM0475
20.68,7.22,33.95,55.64,151.63,4.54,0.79,26.929140000000004,93.21,0.72,17.7,95,37.85,2,1,True,False,False,False,False,True,Severe,FARM0476
42.64,5.77,24.96,73.84,221.28,7.19,0.45,14.317056000000001,114.64,0.73,14.81,108,5.63,3,4,True,False,False,True,False,False,Severe,FARM0477
43.76,6.85,32.64,51.25,180.88,4.45,0.71,18.356736,99.24,0.35,29.06,47,20.9,0,1,False,False,True,False,True,False,Severe,FARM0478
26.91,6.03,15.04,59.68,207.79,9.54,0.3,10.992736,97.49,0.47,18.07,58,45.16,1,0,True,False,False,True,False,False,Mild,FARM0479
10.31,6.36,18.95,84.93,182.27,6.46,0.41,16.996254999999998,102.87,0.14,37.33,47,12.0,1,4,False,False,True,False,False,True,Moderate,FARM0480
32.97,6.38,17.8,40.29,236.77,9.3,0.42,11.93134,100.5,0.12,32.04,42,13.53,0,2,False,False,True,False,False,True,Severe,FARM0481
24.74,6.6,31.0,56.24,228.58,8.59,0.38,23.3306,114.32,0.1,25.04,28,37.67,4,0,False,False,True,False,True,False,Moderate,FARM0482
36.86,5.97,28.57,88.82,135.54,8.42,0.47,18.039098000000003,97.62,0.53,26.93,39,18.03,4,1,False,False,True,True,False,False,Severe,FARM0483
33.32,6.36,24.48,45.15,245.68,8.38,0.89,16.323264,110.12,0.14,19.96,30,49.66,2,0,False,False,True,False,False,True,Mild,FARM0484
31.58,5.68,16.02,55.32,151.82,7.8,0.47,10.960884,79.69,0.82,30.4,6,20.13,4,4,False,False,True,False,False,True,Moderate,FARM0485
21.19,5.6,15.82,77.24,63.03,5.27,0.36,12.467742000000001,61.67,0.9,29.79,62,45.88,2,4,False,False,True,True,False,False,Severe,FARM0486
21.59,6.98,22.23,66.44,244.7,6.23,0.85,17.430543,116.66,0.48,46.1,77,31.29,2,1,False,True,False,False,False,True,Mild,FARM0487
42.39,5.65,25.93,76.27,135.72,9.94,0.81,14.938272999999999,90.67,0.85,36.01,91,37.43,0,3,False,False,True,False,True,False,Moderate,FARM0488
32.05,5.73,23.72,66.19,170.71,9.71,0.41,16.117739999999998,95.48,0.77,20.2,72,31.96,0,0,True,False,False,False,False,True,Severe,FARM0489
40.46,7.44,18.31,59.21,237.68,8.68,0.77,10.901773999999998,108.72,0.94,42.88,75,17.22,3,4,False,False,True,False,True,False,Severe,FARM0490
19.06,7.2,20.93,45.96,117.13,5.34,0.79,16.940742,69.22,0.7,16.99,13,6.76,3,1,False,False,True,True,False,False,Severe,FARM0491
32.14,7.44,21.49,84.2,286.61,5.58,0.88,14.583113999999998,135.78,0.94,48.43,1,45.43,1,2,False,False,True,True,False,False,Mild,FARM0492
28.81,7.46,30.56,45.32,245.13,8.47,0.65,21.755663999999996,114.59,0.96,32.84,113,16.58,4,0,False,False,True,False,True,False,Severe,FARM0493
18.11,6.95,22.37,44.68,275.54,5.09,0.79,18.318793,117.31,0.45,45.45,2,13.5,0,3,False,False,True,False,False,True,Mild,FARM0494
12.52,5.99,33.18,45.01,292.6,7.16,0.38,29.025864000000002,130.67,0.51,54.7,97,9.49,2,2,True,False,False,False,True,False,Severe,FARM0495
42.85,6.7,30.85,79.58,52.35,7.25,0.59,17.630775,70.67,0.2,30.81,113,8.82,2,0,False,True,False,False,True,False,Mild,FARM0496
34.22,6.75,17.46,45.14,256.23,5.78,0.85,11.485188,108.02,0.25,35.66,18,5.05,3,2,False,False,True,False,False,True,Severe,FARM0497
15.93,5.72,17.03,57.87,288.96,7.69,0.71,14.317121,122.61,0.78,20.35,109,46.55,0,2,True,False,False,True,False,False,Mild,FARM0498
38.61,6.2,17.08,73.09,279.06,9.6,0.77,10.485411999999998,125.76,0.3,19.74,37,43.78,3,0,True,False,False,False,False,True,Severe,FARM0499
30.22,7.42,20.57,89.74,72.61,5.09,0.85,14.353746000000001,73.11,0.92,43.97,85,19.37,4,2,False,False,True,True,False,False,Severe,FARM0500
